Contract Name,Type,Sale Date,Transaction Date,Source,Sub Source,Description,Territory,Barcode,Cat No,Release Title,Release Version,Release Artist,Release Label,PPD,ISRC,Track Title,Track Version,Track Artist,Track Label,Distribution Channel,Configuration,Price Category,Units,Per Unit Rate,Gross Amount in Currency,Net Amount in Currency,Original Currency,Exchange Rate,Gross Amount,Net Amount,Calculation Type,Calculation Input,Participation Rate,Pro Rata,Mechanical Deduction Type,Mechanical Deduction Rate,Mechanical Deduction,Deduction Unit Rate,Deduction Rate,Deduction,Royalty Rate,Unit Rate,Multiplier,Reduction Rate,Net Payable,Reserve Rate,Reserve,Specific Withholding Tax Rate,Specific Withholding Tax,Currency
UniFLOWs Label,Track,2026-06-24,2026-08-01,YouTube,,,VN,016627813848,016627813848,"Đôi tay, bàn chân và những giấc mơ nhỏ",,Khờ Band,UniFLOWs Label,0,VNA1M2601128,"Đôi tay, bàn chân và những giấc mơ nhỏ",,Khờ Band,UniFLOWs Label,Digital,Promotion Stream,,1,0,0,0,USD,,0,0,Net Receipts,0,100,0,,100,0,,2.6,0,70,,1,,0,0,0,,0,VND
UniFLOWs Label,Track,2026-06-01,2026-08-01,YouTube,,,DE,859705812803,859705812803,khoảng trống (unplugged),,Khờ Band,UniFLOWs Label,0,TCAJQ2502820,khoảng trống (unplugged),,Khờ Band,UniFLOWs Label,Digital,Promotion Stream,,2,0,0,0,USD,,0,0,Net Receipts,0,100,0,,100,0,,2.6,0,70,,1,,0,0,0,,0,VND
UniFLOWs Label,Track,2026-05-31,2026-08-01,Meta,,,VN,859705812803,859705812803,khoảng trống (unplugged),,Khờ Band,UniFLOWs Label,0,TCAJQ2502820,khoảng trống (unplugged),,Khờ Band,UniFLOWs Label,Digital,IG_MUSIC_NOTES,,2,0.028977734999999998,0.00000226414058679663,0.00000223,USD,25989,0.058842749710257616,0.057955469999999995,Net Receipts,0.057955469999999995,100,0.05795546999999999,,100,0,,2.6,0.0015068422199999998,70,,1,,0.039514039445999995,0,0,,0,VND
UniFLOWs Label,Track,2026-06-30,2026-08-01,YouTube,,,VN,859709688718,859709688718,mùa hạ 2019,,Khờ Band,UniFLOWs Label,0,TCAJT2506106,mùa hạ 2019,,Khờ Band,UniFLOWs Label,Digital,Promotion Stream,,3,0,0,0,USD,,0,0,Net Receipts,0,100,0,,100,0,,2.6,0,70,,1,,0,0,0,,0,VND
UniFLOWs Label,Track,2026-06-25,2026-08-01,YouTube,,,VN,859709688718,859709688718,mùa hạ 2019,,Khờ Band,UniFLOWs Label,0,TCAJT2506106,mùa hạ 2019,,Khờ Band,UniFLOWs Label,Digital,Promotion Stream,,4,0,0,0,USD,,0,0,Net Receipts,0,100,0,,100,0,,2.6,0,70,,1,,0,0,0,,0,VND
UniFLOWs Label,Track,2026-05-31,2026-08-01,Spotify,,,NG,859709688718,859709688718,mùa hạ 2019,,Khờ Band,UniFLOWs Label,0,TCAJT2506106,mùa hạ 2019,,Khờ Band,UniFLOWs Label,Digital,Stream,,3,5.080629641,0.000521765,0.000513939,EUR,29657,15.473984605,15.241888923000001,Net Receipts,15.241888923000001,100,15.241888923000001,,100,0,,2.6,0.396289111998,70,,1,,10.391919867701398,0,0,,0,VND
UniFLOWs Label,Track,2026-05-31,2026-08-01,Spotify,,,VN,859709688718,859709688718,mùa hạ 2019,,Khờ Band,UniFLOWs Label,0,TCAJT2506106,mùa hạ 2019,,Khờ Band,UniFLOWs Label,Digital,Stream,,32,17.389174351,0.019048716,0.018762985,EUR,29656.999999999996,564.927770412,556.4538461449999,Net Receipts,556.4538461449999,100,556.4538461449999,,100,0,,2.6,14.46779999977,70,,1,,379.39023230166094,0,0,,0,VND
UniFLOWs Label,Track,2026-05-31,2026-08-01,Spotify,,,VN,859709688718,859709688718,mùa hạ 2019,,Khờ Band,UniFLOWs Label,0,TCAJT2506106,mùa hạ 2019,,Khờ Band,UniFLOWs Label,Digital,Promotion Stream,,1,26.735696529000002,0.000915225,0.000901497,EUR,29657,27.142827824999998,26.735696529000002,Net Receipts,26.735696529000002,100,26.735696529000002,,100,0,,2.6,0.695128109754,70,,1,,18.228397893472206,0,0,,0,VND
UniFLOWs Label,Track,2026-06-01,2026-08-01,YouTube Red,,,CA,859709688718,859709688718,mùa hạ 2019,,Khờ Band,UniFLOWs Label,0,TCAJT2506106,mùa hạ 2019,,Khờ Band,UniFLOWs Label,Digital,Family Promotion Stream,,1,138.588892715,0.005414638853,0.005333419,USD,25984.999999999996,140.699390595205,138.588892715,Net Receipts,138.588892715,100,138.588892715,,100,0,,2.6,3.60331121059,70,,1,,94.489907053087,0,0,,0,VND
UniFLOWs Label,Track,2026-06-05,2026-08-01,YouTube,,,VN,859705812803,859705812803,khoảng trống (unplugged),,Khờ Band,UniFLOWs Label,0,TCAJQ2502820,khoảng trống (unplugged),,Khờ Band,UniFLOWs Label,Digital,Promotion Stream,,1,0,0,0,USD,,0,0,Net Receipts,0,100,0,,100,0,,2.6,0,70,,1,,0,0,0,,0,VND
UniFLOWs Label,Track,2026-06-03,2026-08-01,YouTube,,,JP,859705812803,859705812803,khoảng trống (unplugged),,Khờ Band,UniFLOWs Label,0,TCAJQ2502820,khoảng trống (unplugged),,Khờ Band,UniFLOWs Label,Digital,Promotion Stream,,1,0,0,0,USD,,0,0,Net Receipts,0,100,0,,100,0,,2.6,0,70,,1,,0,0,0,,0,VND
UniFLOWs Label,Track,2026-06-11,2026-08-01,YouTube,,,VN,859705812803,859705812803,khoảng trống (unplugged),,Khờ Band,UniFLOWs Label,0,TCAJQ2502820,khoảng trống (unplugged),,Khờ Band,UniFLOWs Label,Digital,Promotion Stream,,1,0,0,0,USD,,0,0,Net Receipts,0,100,0,,100,0,,2.6,0,70,,1,,0,0,0,,0,VND
UniFLOWs Label,Track,2026-06-04,2026-08-01,YouTube,,,LA,859705812803,859705812803,khoảng trống (unplugged),,Khờ Band,UniFLOWs Label,0,TCAJQ2502820,khoảng trống (unplugged),,Khờ Band,UniFLOWs Label,Digital,Promotion Stream,,2,1.7135587259999998,0.000133875,0.000131867,USD,25989,3.4792773749999997,3.427091463,Net Receipts,3.427091463,100,3.427091463,,100,0,,2.6,0.089104378038,70,,1,,2.3365909594734,0,0,,0,VND
UniFLOWs Label,Track,2026-06-07,2026-08-01,YouTube,,,VN,859705812803,859705812803,khoảng trống (unplugged),,Khờ Band,UniFLOWs Label,0,TCAJQ2502820,khoảng trống (unplugged),,Khờ Band,UniFLOWs Label,Digital,Promotion Stream,,2,8.164548305999999,0.000637875,0.000628307,USD,25988.999999999996,16.577733375,16.329070623,Net Receipts,16.329070623,100,16.329070623,,100,0,,2.6,0.424555836198,70,,1,,11.133160350761402,0,0,,0,VND
UniFLOWs Label,Track,2026-06-01,2026-08-01,YouTube Red,,,VN,859705812803,859705812803,khoảng trống (unplugged),,Khờ Band,UniFLOWs Label,0,TCAJQ2502820,khoảng trống (unplugged),,Khờ Band,UniFLOWs Label,Digital,Stream,,1,70.25221447999999,0.002744739504,0.002703568,USD,25984.999999999996,71.32205601144,70.25221447999999,Net Receipts,70.25221447999999,100,70.25221447999999,,100,0,,2.6,1.82655757648,70,,1,,47.897959832464,0,0,,0,VND
UniFLOWs Label,Track,2026-06-02,2026-08-01,YouTube,,,IN,859709688718,859709688718,mùa hạ 2019,,Khờ Band,UniFLOWs Label,0,TCAJT2506106,mùa hạ 2019,,Khờ Band,UniFLOWs Label,Digital,Promotion Stream,,1,0,0,0,USD,,0,0,Net Receipts,0,100,0,,100,0,,2.6,0,70,,1,,0,0,0,,0,VND
UniFLOWs Label,Track,2026-06-27,2026-08-01,YouTube,,,VN,859709688718,859709688718,mùa hạ 2019,,Khờ Band,UniFLOWs Label,0,TCAJT2506106,mùa hạ 2019,,Khờ Band,UniFLOWs Label,Digital,Promotion Stream,,6,0,0,0,USD,,0,0,Net Receipts,0,100,0,,100,0,,2.6,0,70,,1,,0,0,0,,0,VND
UniFLOWs Label,Track,2026-06-10,2026-08-01,YouTube,,,VN,859709688718,859709688718,mùa hạ 2019,,Khờ Band,UniFLOWs Label,0,TCAJT2506106,mùa hạ 2019,,Khờ Band,UniFLOWs Label,Digital,Promotion Stream,,5,0,0,0,USD,,0,0,Net Receipts,0,100,0,,100,0,,2.6,0,70,,1,,0,0,0,,0,VND
UniFLOWs Label,Track,2026-06-08,2026-08-01,YouTube,,,VN,859709688718,859709688718,mùa hạ 2019,,Khờ Band,UniFLOWs Label,0,TCAJT2506106,mùa hạ 2019,,Khờ Band,UniFLOWs Label,Digital,Promotion Stream,,9,0,0,0,USD,,0,0,Net Receipts,0,100,0,,100,0,,2.6,0,70,,1,,0,0,0,,0,VND
UniFLOWs Label,Track,2026-05-31,2026-08-01,Meta,,,VN,859709688718,859709688718,mùa hạ 2019,,Khờ Band,UniFLOWs Label,0,TCAJT2506106,mùa hạ 2019,,Khờ Band,UniFLOWs Label,Digital,IG_MUSIC_STICKER,,19,0.028977734999999998,0.00002150933557196409,0.000021187,USD,25989,0.5590061221797747,0.550628943,Net Receipts,0.550628943,100,0.550628943,,100,0,,2.6,0.014316352518,70,,1,,0.3754188133374,0,0,,0,VND
UniFLOWs Label,Track,2026-06-01,2026-08-01,YouTube Red,,,US,859709688718,859709688718,mùa hạ 2019,,Khờ Band,UniFLOWs Label,0,TCAJT2506106,mùa hạ 2019,,Khờ Band,UniFLOWs Label,Digital,Family Promotion Stream,,3,188.39985103499998,0.022082225601,0.021750992,USD,25985,573.806632241985,565.19952712,Net Receipts,565.19952712,100,565.19952712,,100,0,,2.6,14.695187705119999,70,,1,,385.35303759041597,0,0,,0,VND
UniFLOWs Label,Track,2026-06-01,2026-08-01,YouTube Red,,,US,859709688718,859709688718,mùa hạ 2019,,Khờ Band,UniFLOWs Label,0,TCAJT2506106,mùa hạ 2019,,Khờ Band,UniFLOWs Label,Digital,Promotion Stream,,1,243.8364839,0.009526639752,0.00938374,USD,25985,247.54973395572,243.8364839,Net Receipts,243.8364839,100,243.8364839,,100,0,,2.6,6.3397485814,70,,1,,166.24771472302,0,0,,0,VND
UniFLOWs Label,Track,2026-06-29,2026-08-01,YouTube,,,VN,859705812803,859705812803,khoảng trống (unplugged),,Khờ Band,UniFLOWs Label,0,TCAJQ2502820,khoảng trống (unplugged),,Khờ Band,UniFLOWs Label,Digital,Promotion Stream,,1,0,0,0,USD,,0,0,Net Receipts,0,100,0,,100,0,,2.6,0,70,,1,,0,0,0,,0,VND
UniFLOWs Label,Track,2026-06-04,2026-08-01,YouTube,,,VN,859705812803,859705812803,khoảng trống (unplugged),,Khờ Band,UniFLOWs Label,0,TCAJQ2502820,khoảng trống (unplugged),,Khờ Band,UniFLOWs Label,Digital,Promotion Stream,,51,1.273850835,0.00253785,0.002499782,USD,25989.000000000004,65.95618365,64.966834398,Net Receipts,64.966834398,100,64.966834398,,100,0,,2.6,1.689137694348,70,,1,,44.29438769255641,0,0,,0,VND
UniFLOWs Label,Track,2026-05-31,2026-08-01,Spotify,,,VN,859705812803,859705812803,khoảng trống (unplugged),,Khờ Band,UniFLOWs Label,0,TCAJQ2502820,khoảng trống (unplugged),,Khờ Band,UniFLOWs Label,Digital,Stream,,2,10.31678059,0.000706335,0.00069574,EUR,29657,20.947777095,20.63356118,Net Receipts,20.63356118,100,20.63356118,,100,0,,2.6,0.5364725906800001,70,,1,,14.067962012524001,0,0,,0,VND
UniFLOWs Label,Track,2026-05-31,2026-08-01,TikTok,TikTok,,VN,859709688718,859709688718,mùa hạ 2019,,Khờ Band,UniFLOWs Label,0,TCAJT2506106,mùa hạ 2019,,Khờ Band,UniFLOWs Label,Digital,UGC,,1,0,9.908e-7,8.92e-7,USD,25989,0.025749901199999998,0.023182188,Net Receipts,0.023182188,100,0.023182188,,100,0,,2.6,0.000602736888,70,,1,,0.015805615778400003,0,0,,0,VND
UniFLOWs Label,Track,2026-06-19,2026-08-01,YouTube,,,VN,859709688718,859709688718,mùa hạ 2019,,Khờ Band,UniFLOWs Label,0,TCAJT2506106,mùa hạ 2019,,Khờ Band,UniFLOWs Label,Digital,Promotion Stream,,3,0,0,0,USD,,0,0,Net Receipts,0,100,0,,100,0,,2.6,0,70,,1,,0,0,0,,0,VND
UniFLOWs Label,Track,2026-06-06,2026-08-01,YouTube,,,VN,859709688718,859709688718,mùa hạ 2019,,Khờ Band,UniFLOWs Label,0,TCAJT2506106,mùa hạ 2019,,Khờ Band,UniFLOWs Label,Digital,Promotion Stream,,3,0,0,0,USD,,0,0,Net Receipts,0,100,0,,100,0,,2.6,0,70,,1,,0,0,0,,0,VND
UniFLOWs Label,Track,2026-06-09,2026-08-01,YouTube,,,VN,859709688718,859709688718,mùa hạ 2019,,Khờ Band,UniFLOWs Label,0,TCAJT2506106,mùa hạ 2019,,Khờ Band,UniFLOWs Label,Digital,Promotion Stream,,5,0,0,0,USD,,0,0,Net Receipts,0,100,0,,100,0,,2.6,0,70,,1,,0,0,0,,0,VND
UniFLOWs Label,Track,2026-06-15,2026-08-01,YouTube,,,VN,859709688718,859709688718,mùa hạ 2019,,Khờ Band,UniFLOWs Label,0,TCAJT2506106,mùa hạ 2019,,Khờ Band,UniFLOWs Label,Digital,Promotion Stream,,4,0,0,0,USD,,0,0,Net Receipts,0,100,0,,100,0,,2.6,0,70,,1,,0,0,0,,0,VND
UniFLOWs Label,Track,2026-06-06,2026-08-01,YouTube,,,GB,859709688718,859709688718,mùa hạ 2019,,Khờ Band,UniFLOWs Label,0,TCAJT2506106,mùa hạ 2019,,Khờ Band,UniFLOWs Label,Digital,Promotion Stream,,1,6.937373715,0.000271,0.000266935,USD,25989,7.043018999999999,6.937373715,Net Receipts,6.937373715,100,6.937373715,,100,0,,2.6,0.18037171658999998,70,,1,,4.729901398887,0,0,,0,VND
UniFLOWs Label,Track,2026-05-31,2026-08-01,Spotify,,,VN,859709688718,859709688718,mùa hạ 2019,,Khờ Band,UniFLOWs Label,0,TCAJT2506106,mùa hạ 2019,,Khờ Band,UniFLOWs Label,Digital,Stream,,7,10.31678059,0.0024721730000000003,0.00243509,EUR,29657,73.317234661,72.21746413,Net Receipts,72.21746413,100,72.21746413,,100,0,,2.6,1.87765406738,70,,1,,49.23786704383401,0,0,,0,VND
UniFLOWs Label,Track,2026-06-27,2026-08-01,YouTube,,,VN,016627813848,016627813848,"Đôi tay, bàn chân và những giấc mơ nhỏ",,Khờ Band,UniFLOWs Label,0,VNA1M2601128,"Đôi tay, bàn chân và những giấc mơ nhỏ",,Khờ Band,UniFLOWs Label,Digital,Promotion Stream,,1,2.636713995,0.000103,0.000101455,USD,25989,2.676867,2.636713995,Net Receipts,2.636713995,100,2.636713995,,100,0,,2.6,0.06855456387,70,,1,,1.797711601791,0,0,,0,VND
UniFLOWs Label,Track,2026-06-02,2026-08-01,YouTube,,,FI,859705812803,859705812803,khoảng trống (unplugged),,Khờ Band,UniFLOWs Label,0,TCAJQ2502820,khoảng trống (unplugged),,Khờ Band,UniFLOWs Label,Digital,Promotion Stream,,1,0,0,0,USD,,0,0,Net Receipts,0,100,0,,100,0,,2.6,0,70,,1,,0,0,0,,0,VND
UniFLOWs Label,Track,2026-06-02,2026-08-01,YouTube,,,VN,859705812803,859705812803,khoảng trống (unplugged),,Khờ Band,UniFLOWs Label,0,TCAJQ2502820,khoảng trống (unplugged),,Khờ Band,UniFLOWs Label,Digital,Promotion Stream,,34,1.153833633,0.001532475,0.001509488,USD,25989,39.827492774999996,39.230083632,Net Receipts,39.230083632,100,39.230083632,,100,0,,2.6,1.0199821744320001,70,,1,,26.7470710202976,0,0,,0,VND
UniFLOWs Label,Track,2026-06-24,2026-08-01,YouTube,,,VN,859705812803,859705812803,khoảng trống (unplugged),,Khờ Band,UniFLOWs Label,0,TCAJQ2502820,khoảng trống (unplugged),,Khờ Band,UniFLOWs Label,Digital,Promotion Stream,,1,5.765581683,0.000225225,0.000221847,USD,25988.999999999996,5.853372525,5.765581683,Net Receipts,5.765581683,100,5.765581682999999,,100,0,,2.6,0.149905123758,70,,1,,3.9309735914693995,0,0,,0,VND
UniFLOWs Label,Track,2026-05-31,2026-08-01,Spotify,,,VN,859705812803,859705812803,khoảng trống (unplugged),,Khờ Band,UniFLOWs Label,0,TCAJQ2502820,khoảng trống (unplugged),,Khờ Band,UniFLOWs Label,Digital,Stream,,4,17.389174351,0.002381089,0.002345373,EUR,29657,70.615956473,69.556727061,Net Receipts,69.556727061,100,69.556727061,,100,0,,2.6,1.8084749035860002,70,,1,,47.4237765101898,0,0,,0,VND
UniFLOWs Label,Track,2026-06-01,2026-08-01,YouTube Red,,,VN,859705812803,859705812803,khoảng trống (unplugged),,Khờ Band,UniFLOWs Label,0,TCAJQ2502820,khoảng trống (unplugged),,Khờ Band,UniFLOWs Label,Digital,Family Promotion Stream,,9,36.5770057,0.012861499239,0.012668577,USD,25984.999999999996,334.206057725415,329.192973345,Net Receipts,329.192973345,100,329.192973345,,100,0,,2.6,8.559017306969999,70,,1,,224.44376922662096,0,0,,0,VND
UniFLOWs Label,Track,2026-06-09,2026-08-01,YouTube,,,JP,859705812803,859705812803,khoảng trống (unplugged),,Khờ Band,UniFLOWs Label,0,TCAJQ2502820,khoảng trống (unplugged),,Khờ Band,UniFLOWs Label,Digital,Promotion Stream,,1,54.994699164000004,0.0021483,0.002116076,USD,25989,55.832168700000004,54.994699164000004,Net Receipts,54.994699164000004,100,54.994699164000004,,100,0,,2.6,1.429862178264,70,,1,,37.4953858900152,0,0,,0,VND
UniFLOWs Label,Track,2026-06-13,2026-08-01,YouTube,,,VN,859709688718,859709688718,mùa hạ 2019,,Khờ Band,UniFLOWs Label,0,TCAJT2506106,mùa hạ 2019,,Khờ Band,UniFLOWs Label,Digital,Promotion Stream,,4,0,0,0,USD,,0,0,Net Receipts,0,100,0,,100,0,,2.6,0,70,,1,,0,0,0,,0,VND
UniFLOWs Label,Track,2026-06-04,2026-08-01,YouTube,,,VN,859709688718,859709688718,mùa hạ 2019,,Khờ Band,UniFLOWs Label,0,TCAJT2506106,mùa hạ 2019,,Khờ Band,UniFLOWs Label,Digital,Promotion Stream,,19,0,0,0,USD,,0,0,Net Receipts,0,100,0,,100,0,,2.6,0,70,,1,,0,0,0,,0,VND
UniFLOWs Label,Track,2026-06-01,2026-08-01,YouTube Red,,,VN,859709688718,859709688718,mùa hạ 2019,,Khờ Band,UniFLOWs Label,0,TCAJT2506106,mùa hạ 2019,,Khờ Band,UniFLOWs Label,Digital,Premium Stream,,5,100.78895496,0.019689015625,0.01939368,USD,25985,511.619071015625,503.9447748,Net Receipts,503.9447748,100,503.9447748,,100,0,,2.6,13.1025641448,70,,1,,343.58954745864,0,0,,0,VND
UniFLOWs Label,Track,2026-06-12,2026-08-01,YouTube,,,VN,859705812803,859705812803,khoảng trống (unplugged),,Khờ Band,UniFLOWs Label,0,TCAJQ2502820,khoảng trống (unplugged),,Khờ Band,UniFLOWs Label,Digital,Promotion Stream,,1,0,0,0,USD,,0,0,Net Receipts,0,100,0,,100,0,,2.6,0,70,,1,,0,0,0,,0,VND
UniFLOWs Label,Track,2026-06-01,2026-08-01,YouTube,,,VN,859705812803,859705812803,khoảng trống (unplugged),,Khờ Band,UniFLOWs Label,0,TCAJQ2502820,khoảng trống (unplugged),,Khờ Band,UniFLOWs Label,Digital,Promotion Stream,,28,0.5726156370000001,0.000626325,0.00061693,USD,25989,16.277560424999997,16.03339377,Net Receipts,16.03339377,100,16.03339377,,100,0,,2.6,0.41686823802,70,,1,,10.931567872386001,0,0,,0,VND
UniFLOWs Label,Track,2026-06-02,2026-08-01,YouTube,,,VN,859709688718,859709688718,mùa hạ 2019,,Khờ Band,UniFLOWs Label,0,TCAJT2506106,mùa hạ 2019,,Khờ Band,UniFLOWs Label,Digital,Promotion Stream,,23,0,0,0,USD,,0,0,Net Receipts,0,100,0,,100,0,,2.6,0,70,,1,,0,0,0,,0,VND
UniFLOWs Label,Track,2026-06-01,2026-08-01,YouTube,,,VN,859709688718,859709688718,mùa hạ 2019,,Khờ Band,UniFLOWs Label,0,TCAJT2506106,mùa hạ 2019,,Khờ Band,UniFLOWs Label,Digital,Promotion Stream,,5,0,0,0,USD,,0,0,Net Receipts,0,100,0,,100,0,,2.6,0,70,,1,,0,0,0,,0,VND
UniFLOWs Label,Track,2026-06-21,2026-08-01,YouTube,,,VN,859709688718,859709688718,mùa hạ 2019,,Khờ Band,UniFLOWs Label,0,TCAJT2506106,mùa hạ 2019,,Khờ Band,UniFLOWs Label,Digital,Promotion Stream,,1,7.499281883999999,0.00029295,0.000288556,USD,25989,7.61347755,7.499281883999999,Net Receipts,7.499281883999999,100,7.499281883999999,,100,0,,2.6,0.19498132898399997,70,,1,,5.113010388511199,0,0,,0,VND
UniFLOWs Label,Track,2026-06-01,2026-08-01,YouTube Red,,,VN,859709688718,859709688718,mùa hạ 2019,,Khờ Band,UniFLOWs Label,0,TCAJT2506106,mùa hạ 2019,,Khờ Band,UniFLOWs Label,Digital,Promotion Stream,,3,29.48564723,0.003455992656,0.003404153,USD,25985,89.80396916616,88.456915705,Net Receipts,88.456915705,100,88.45691570499999,,100,0,,2.6,2.29987980833,70,,1,,60.30992512766898,0,0,,0,VND
UniFLOWs Label,Track,2026-06-30,2026-08-01,YouTube,,,VN,016627813848,016627813848,"Đôi tay, bàn chân và những giấc mơ nhỏ",,Khờ Band,UniFLOWs Label,0,VNA1M2601128,"Đôi tay, bàn chân và những giấc mơ nhỏ",,Khờ Band,UniFLOWs Label,Digital,Promotion Stream,,1,0,0,0,USD,,0,0,Net Receipts,0,100,0,,100,0,,2.6,0,70,,1,,0,0,0,,0,VND
UniFLOWs Label,Track,2026-06-25,2026-08-01,YouTube,,,VN,859705812803,859705812803,khoảng trống (unplugged),,Khờ Band,UniFLOWs Label,0,TCAJQ2502820,khoảng trống (unplugged),,Khờ Band,UniFLOWs Label,Digital,Promotion Stream,,0,0,0.000521325,0.000513505,USD,25989,13.548715425,13.345481445,Net Receipts,13.345481445,100,13.345481445,,100,0,,2.6,0.34698251757000004,70,,1,,9.098949249201,0,0,,0,VND
UniFLOWs Label,Track,2026-06-09,2026-08-01,YouTube,,,VN,859705812803,859705812803,khoảng trống (unplugged),,Khờ Band,UniFLOWs Label,0,TCAJQ2502820,khoảng trống (unplugged),,Khờ Band,UniFLOWs Label,Digital,Promotion Stream,,1,0,0,0,USD,,0,0,Net Receipts,0,100,0,,100,0,,2.6,0,70,,1,,0,0,0,,0,VND
UniFLOWs Label,Track,2026-06-16,2026-08-01,YouTube,,,VN,859709688718,859709688718,mùa hạ 2019,,Khờ Band,UniFLOWs Label,0,TCAJT2506106,mùa hạ 2019,,Khờ Band,UniFLOWs Label,Digital,Promotion Stream,,3,0,0,0,USD,,0,0,Net Receipts,0,100,0,,100,0,,2.6,0,70,,1,,0,0,0,,0,VND
UniFLOWs Label,Track,2026-06-12,2026-08-01,YouTube,,,VN,859709688718,859709688718,mùa hạ 2019,,Khờ Band,UniFLOWs Label,0,TCAJT2506106,mùa hạ 2019,,Khờ Band,UniFLOWs Label,Digital,Promotion Stream,,3,0,0,0,USD,,0,0,Net Receipts,0,100,0,,100,0,,2.6,0,70,,1,,0,0,0,,0,VND
UniFLOWs Label,Track,2026-06-05,2026-08-01,YouTube,,,VN,859709688718,859709688718,mùa hạ 2019,,Khờ Band,UniFLOWs Label,0,TCAJT2506106,mùa hạ 2019,,Khờ Band,UniFLOWs Label,Digital,Promotion Stream,,9,0,0,0,USD,,0,0,Net Receipts,0,100,0,,100,0,,2.6,0,70,,1,,0,0,0,,0,VND
UniFLOWs Label,Track,2026-06-21,2026-08-01,YouTube,,,VN,859709688718,859709688718,mùa hạ 2019,,Khờ Band,UniFLOWs Label,0,TCAJT2506106,mùa hạ 2019,,Khờ Band,UniFLOWs Label,Digital,Promotion Stream,,6,0,0,0,USD,,0,0,Net Receipts,0,100,0,,100,0,,2.6,0,70,,1,,0,0,0,,0,VND
UniFLOWs Label,Track,2026-06-01,2026-08-01,YouTube Red,,,NG,859709688718,859709688718,mùa hạ 2019,,Khờ Band,UniFLOWs Label,0,TCAJT2506106,mùa hạ 2019,,Khờ Band,UniFLOWs Label,Digital,Family Promotion Stream,,2,10.76631308,0.000841275442,0.000828656,USD,25985,21.86054236037,21.53262616,Net Receipts,21.53262616,100,21.53262616,,100,0,,2.6,0.55984828016,70,,1,,14.680944515888,0,0,,0,VND
UniFLOWs Label,Track,2026-06-04,2026-08-01,YouTube,,,TW,859709688718,859709688718,mùa hạ 2019,,Khờ Band,UniFLOWs Label,0,TCAJT2506106,mùa hạ 2019,,Khờ Band,UniFLOWs Label,Digital,Promotion Stream,,1,37.469510805,0.0014637,0.001441745,USD,25989,38.0400993,37.469510805,Net Receipts,37.469510805,100,37.469510805,,100,0,,2.6,0.97420728093,70,,1,,25.546712466848998,0,0,,0,VND
UniFLOWs Label,Track,2026-06-08,2026-08-01,YouTube,,,VN,859705812803,859705812803,khoảng trống (unplugged),,Khờ Band,UniFLOWs Label,0,TCAJQ2502820,khoảng trống (unplugged),,Khờ Band,UniFLOWs Label,Digital,Promotion Stream,,2,0,0,0,USD,,0,0,Net Receipts,0,100,0,,100,0,,2.6,0,70,,1,,0,0,0,,0,VND
UniFLOWs Label,Track,2026-06-01,2026-08-01,YouTube Red,,,VN,859705812803,859705812803,khoảng trống (unplugged),,Khờ Band,UniFLOWs Label,0,TCAJQ2502820,khoảng trống (unplugged),,Khờ Band,UniFLOWs Label,Digital,Premium Stream,,1,100.78895496,0.003937803125,0.003878736,USD,25985,102.323814203125,100.78895496,Net Receipts,100.78895496,100,100.78895496,,100,0,,2.6,2.6205128289600004,70,,1,,68.717909491728,0,0,,0,VND
UniFLOWs Label,Track,2026-06-01,2026-08-01,YouTube Red,,,AU,859705812803,859705812803,khoảng trống (unplugged),,Khờ Band,UniFLOWs Label,0,TCAJQ2502820,khoảng trống (unplugged),,Khờ Band,UniFLOWs Label,Digital,Family Promotion Stream,,1,188.338214615,0.007358333559,0.007247959,USD,25985,191.206297530615,188.338214615,Net Receipts,188.338214615,100,188.338214615,,100,0,,2.6,4.89679357999,70,,1,,128.40899472450698,0,0,,0,VND
UniFLOWs Label,Track,2026-06-03,2026-08-01,YouTube,,,VN,859709688718,859709688718,mùa hạ 2019,,Khờ Band,UniFLOWs Label,0,TCAJT2506106,mùa hạ 2019,,Khờ Band,UniFLOWs Label,Digital,Promotion Stream,,0,0,0.000129675,0.00012773,USD,25989,3.370123575,3.31957497,Net Receipts,3.31957497,100,3.3195749699999997,,100,0,,2.6,0.08630894922000001,70,,1,,2.2632862145459995,0,0,,0,VND
UniFLOWs Label,Track,2026-06-01,2026-08-01,YouTube Red,,,VN,859709688718,859709688718,mùa hạ 2019,,Khờ Band,UniFLOWs Label,0,TCAJT2506106,mùa hạ 2019,,Khờ Band,UniFLOWs Label,Digital,Stream,,0,0,0,0,USD,,0,0,Net Receipts,0,100,0,,100,0,,2.6,0,70,,1,,0,0,0,,0,VND
UniFLOWs Label,Track,2026-06-22,2026-08-01,YouTube,,,VN,859709688718,859709688718,mùa hạ 2019,,Khờ Band,UniFLOWs Label,0,TCAJT2506106,mùa hạ 2019,,Khờ Band,UniFLOWs Label,Digital,Promotion Stream,,4,0,0,0,USD,,0,0,Net Receipts,0,100,0,,100,0,,2.6,0,70,,1,,0,0,0,,0,VND
UniFLOWs Label,Track,2026-06-03,2026-08-01,YouTube,,,VN,859709688718,859709688718,mùa hạ 2019,,Khờ Band,UniFLOWs Label,0,TCAJT2506106,mùa hạ 2019,,Khờ Band,UniFLOWs Label,Digital,Promotion Stream,,1,0,0,0,USD,,0,0,Net Receipts,0,100,0,,100,0,,2.6,0,70,,1,,0,0,0,,0,VND
UniFLOWs Label,Track,2026-05-31,2026-08-01,Meta,,,VN,859709688718,859709688718,mùa hạ 2019,,Khờ Band,UniFLOWs Label,0,TCAJT2506106,mùa hạ 2019,,Khờ Band,UniFLOWs Label,Digital,FB_FROM_IG_CROSSPOST,,9,0.028977734999999998,0.0000101886326390225,0.000010036,USD,25989,0.26479237365555575,0.260825604,Net Receipts,0.260825604,100,0.260825604,,100,0,,2.6,0.006781465704,70,,1,,0.1778308968072,0,0,,0,VND
UniFLOWs Label,Track,2026-06-01,2026-08-01,YouTube,,,VN,859709688718,859709688718,mùa hạ 2019,,Khờ Band,UniFLOWs Label,0,TCAJT2506106,mùa hạ 2019,,Khờ Band,UniFLOWs Label,Digital,Promotion Stream,,5,0.548341911,0.0001071,0.000105494,USD,25989.000000000004,2.7834219,2.7416835660000003,Net Receipts,2.7416835660000003,100,2.7416835660000003,,100,0,,2.6,0.071283772716,70,,1,,1.8692798552988001,0,0,,0,VND
UniFLOWs Label,Track,2026-06-01,2026-08-01,YouTube Red,,,VN,859709688718,859709688718,mùa hạ 2019,,Khờ Band,UniFLOWs Label,0,TCAJT2506106,mùa hạ 2019,,Khờ Band,UniFLOWs Label,Digital,Family Promotion Stream,,14,36.5770057,0.020006776594,0.019706675,USD,25985,519.87608979509,512.077949875,Net Receipts,512.077949875,100,512.077949875,,100,0,,2.6,13.314026696750002,70,,1,,349.13474622477503,0,0,,0,VND
UniFLOWs Label,Track,2026-06-03,2026-08-01,YouTube,,,VN,859705812803,859705812803,khoảng trống (unplugged),,Khờ Band,UniFLOWs Label,0,TCAJQ2502820,khoảng trống (unplugged),,Khờ Band,UniFLOWs Label,Digital,Promotion Stream,,42,1.342357839,0.002202375,0.002169339,USD,25989,57.237523875,56.378951271000005,Net Receipts,56.378951271000005,100,56.378951271000005,,100,0,,2.6,1.465852733046,70,,1,,38.43916897656781,0,0,,0,VND
UniFLOWs Label,Track,2026-06-26,2026-08-01,YouTube,,,VN,859709688718,859709688718,mùa hạ 2019,,Khờ Band,UniFLOWs Label,0,TCAJT2506106,mùa hạ 2019,,Khờ Band,UniFLOWs Label,Digital,Promotion Stream,,6,0,0,0,USD,,0,0,Net Receipts,0,100,0,,100,0,,2.6,0,70,,1,,0,0,0,,0,VND
UniFLOWs Label,Track,2026-06-18,2026-08-01,YouTube,,,VN,859709688718,859709688718,mùa hạ 2019,,Khờ Band,UniFLOWs Label,0,TCAJT2506106,mùa hạ 2019,,Khờ Band,UniFLOWs Label,Digital,Promotion Stream,,6,0,0,0,USD,,0,0,Net Receipts,0,100,0,,100,0,,2.6,0,70,,1,,0,0,0,,0,VND
UniFLOWs Label,Track,2026-06-17,2026-08-01,YouTube,,,VN,859709688718,859709688718,mùa hạ 2019,,Khờ Band,UniFLOWs Label,0,TCAJT2506106,mùa hạ 2019,,Khờ Band,UniFLOWs Label,Digital,Promotion Stream,,3,0,0,0,USD,,0,0,Net Receipts,0,100,0,,100,0,,2.6,0,70,,1,,0,0,0,,0,VND
UniFLOWs Label,Track,2026-06-11,2026-08-01,YouTube,,,VN,859709688718,859709688718,mùa hạ 2019,,Khờ Band,UniFLOWs Label,0,TCAJT2506106,mùa hạ 2019,,Khờ Band,UniFLOWs Label,Digital,Promotion Stream,,3,0,0,0,USD,,0,0,Net Receipts,0,100,0,,100,0,,2.6,0,70,,1,,0,0,0,,0,VND
UniFLOWs Label,Track,2026-06-23,2026-08-01,YouTube,,,VN,859709688718,859709688718,mùa hạ 2019,,Khờ Band,UniFLOWs Label,0,TCAJT2506106,mùa hạ 2019,,Khờ Band,UniFLOWs Label,Digital,Promotion Stream,,10,0,0,0,USD,,0,0,Net Receipts,0,100,0,,100,0,,2.6,0,70,,1,,0,0,0,,0,VND
UniFLOWs Label,Track,2026-05-31,2026-08-01,Spotify,,,VN,859709688718,859709688718,mùa hạ 2019,,Khờ Band,UniFLOWs Label,0,TCAJT2506106,mùa hạ 2019,,Khờ Band,UniFLOWs Label,Digital,Stream,,20,10.31678059,0.00706335,0.0069574,EUR,29657.000000000004,209.47777095,206.3356118,Net Receipts,206.3356118,100,206.3356118,,100,0,,2.6,5.3647259068,70,,1,,140.67962012524,0,0,,0,VND
UniFLOWs Label,Track,2026-06-01,2026-08-01,YouTube Red,,,VN,859709688718,859709688718,mùa hạ 2019,,Khờ Band,UniFLOWs Label,0,TCAJT2506106,mùa hạ 2019,,Khờ Band,UniFLOWs Label,Digital,UGC Stream,,2,29.48564723,0.002303995104,0.002269435,USD,25985,59.86931277744,58.971268475,Net Receipts,58.971268475,100,58.97126847500001,,100,0,,2.6,1.5332529803500001,70,,1,,40.20661084625501,0,0,,0,VND
UniFLOWs Label,Track,2026-06-16,2026-08-01,YouTube,,,VN,016627813848,016627813848,"Đôi tay, bàn chân và những giấc mơ nhỏ",,Khờ Band,UniFLOWs Label,0,VNA1M2601128,"Đôi tay, bàn chân và những giấc mơ nhỏ",,Khờ Band,UniFLOWs Label,Digital,Promotion Stream,,3,0,0,0,USD,,0,0,Net Receipts,0,100,0,,100,0,,2.6,0,70,,1,,0,0,0,,0,VND
UniFLOWs Label,Track,2026-06-06,2026-08-01,YouTube,,,VN,859705812803,859705812803,khoảng trống (unplugged),,Khờ Band,UniFLOWs Label,0,TCAJQ2502820,khoảng trống (unplugged),,Khờ Band,UniFLOWs Label,Digital,Promotion Stream,,1,0,0,0,USD,,0,0,Net Receipts,0,100,0,,100,0,,2.6,0,70,,1,,0,0,0,,0,VND
UniFLOWs Label,Track,2026-06-04,2026-08-01,YouTube,,,KR,859705812803,859705812803,khoảng trống (unplugged),,Khờ Band,UniFLOWs Label,0,TCAJQ2502820,khoảng trống (unplugged),,Khờ Band,UniFLOWs Label,Digital,Promotion Stream,,2,2.822301444,0.0002205,0.000217192,USD,25988.999999999996,5.7305744999999995,5.644602888,Net Receipts,5.644602888,100,5.644602888,,100,0,,2.6,0.146759675088,70,,1,,3.8484902490383996,0,0,,0,VND
UniFLOWs Label,Track,2026-06-01,2026-08-01,YouTube Red,,,US,859705812803,859705812803,khoảng trống (unplugged),,Khờ Band,UniFLOWs Label,0,TCAJQ2502820,khoảng trống (unplugged),,Khờ Band,UniFLOWs Label,Digital,Family Promotion Stream,,2,188.39985103499998,0.014721483734,0.014500661,USD,25985,382.53775482799,376.799676085,Net Receipts,376.799676085,100,376.79967608499993,,100,0,,2.6,9.79679157821,70,,1,,256.90201915475296,0,0,,0,VND
UniFLOWs Label,Track,2026-06-07,2026-08-01,YouTube,,,VN,859709688718,859709688718,mùa hạ 2019,,Khờ Band,UniFLOWs Label,0,TCAJT2506106,mùa hạ 2019,,Khờ Band,UniFLOWs Label,Digital,Promotion Stream,,4,0,0,0,USD,,0,0,Net Receipts,0,100,0,,100,0,,2.6,0,70,,1,,0,0,0,,0,VND
UniFLOWs Label,Track,2026-06-14,2026-08-01,YouTube,,,VN,859709688718,859709688718,mùa hạ 2019,,Khờ Band,UniFLOWs Label,0,TCAJT2506106,mùa hạ 2019,,Khờ Band,UniFLOWs Label,Digital,Promotion Stream,,1,0,0,0,USD,,0,0,Net Receipts,0,100,0,,100,0,,2.6,0,70,,1,,0,0,0,,0,VND
UniFLOWs Label,Track,2026-06-24,2026-08-01,YouTube,,,VN,859709688718,859709688718,mùa hạ 2019,,Khờ Band,UniFLOWs Label,0,TCAJT2506106,mùa hạ 2019,,Khờ Band,UniFLOWs Label,Digital,Promotion Stream,,5,0,0,0,USD,,0,0,Net Receipts,0,100,0,,100,0,,2.6,0,70,,1,,0,0,0,,0,VND
UniFLOWs Label,Track,2026-05-31,2026-08-01,Meta,,,VN,859709688718,859709688718,mùa hạ 2019,,Khờ Band,UniFLOWs Label,0,TCAJT2506106,mùa hạ 2019,,Khờ Band,UniFLOWs Label,Digital,IG_MUSIC_NOTES,,18,0.028977734999999998,0.00002037726527908656,0.000020072,USD,25989,0.5295847473381806,0.521651208,Net Receipts,0.521651208,100,0.521651208,,100,0,,2.6,0.013562931408,70,,1,,0.3556617936144,0,0,,0,VND
UniFLOWs Label,Track,2026-06-01,2026-08-01,YouTube Red,,,VN,859709688718,859709688718,mùa hạ 2019,,Khờ Band,UniFLOWs Label,0,TCAJT2506106,mùa hạ 2019,,Khờ Band,UniFLOWs Label,Digital,Premium UGC Stream,,5,100.78895496,0.019689015625,0.01939368,USD,25985,511.619071015625,503.9447748,Net Receipts,503.9447748,100,503.9447748,,100,0,,2.6,13.1025641448,70,,1,,343.58954745864,0,0,,0,VND
UniFLOWs Label,Track,2026-06-01,2026-08-01,YouTube Red,,,KR,859705812803,859705812803,khoảng trống (unplugged),,Khờ Band,UniFLOWs Label,0,TCAJQ2502820,khoảng trống (unplugged),,Khờ Band,UniFLOWs Label,Digital,Premium Stream,,1,187.014954475,0.007306634536,0.007197035,USD,25985,189.86289841796,187.014954475,Net Receipts,187.014954475,100,187.01495447500002,,100,0,,2.6,4.86238881635,70,,1,,127.50679596105502,0,0,,0,VND
UniFLOWs Label,Track,2026-05-31,2026-08-01,TikTok,TikTok,,VN,859709688718,859709688718,mùa hạ 2019,,Khờ Band,UniFLOWs Label,0,TCAJT2506106,mùa hạ 2019,,Khờ Band,UniFLOWs Label,Digital,PGC,,7,0,0.0000069355,0.000006242,USD,25989,0.1802467095,0.162223338,Net Receipts,0.162223338,100,0.16222333800000002,,100,0,,2.6,0.004217806788,70,,1,,0.11060387184840001,0,0,,0,VND
UniFLOWs Label,Track,2026-06-20,2026-08-01,YouTube,,,VN,859709688718,859709688718,mùa hạ 2019,,Khờ Band,UniFLOWs Label,0,TCAJT2506106,mùa hạ 2019,,Khờ Band,UniFLOWs Label,Digital,Promotion Stream,,6,0,0,0,USD,,0,0,Net Receipts,0,100,0,,100,0,,2.6,0,70,,1,,0,0,0,,0,VND
UniFLOWs Label,Track,2026-06-29,2026-08-01,YouTube,,,VN,859709688718,859709688718,mùa hạ 2019,,Khờ Band,UniFLOWs Label,0,TCAJT2506106,mùa hạ 2019,,Khờ Band,UniFLOWs Label,Digital,Promotion Stream,,2,0,0,0,USD,,0,0,Net Receipts,0,100,0,,100,0,,2.6,0,70,,1,,0,0,0,,0,VND
